{"assets/fonts/Roboto-Bold.ttf":["assets/fonts/Roboto-Bold.ttf"],"assets/fonts/Roboto-Light.ttf":["assets/fonts/Roboto-Light.ttf"],"assets/fonts/Roboto-Medium.ttf":["assets/fonts/Roboto-Medium.ttf"],"assets/fonts/Roboto-Regular.ttf":["assets/fonts/Roboto-Regular.ttf"],"assets/images/add.png":["assets/images/add.png"],"assets/images/call.png":["assets/images/call.png"],"assets/images/cancelled.png":["assets/images/cancelled.png"],"assets/images/completed.png":["assets/images/completed.png"],"assets/images/delete.png":["assets/images/delete.png"],"assets/images/edit.png":["assets/images/edit.png"],"assets/images/food.png":["assets/images/food.png"],"assets/images/gmail.png":["assets/images/gmail.png"],"assets/images/logo.png":["assets/images/logo.png"],"assets/images/logo_white.png":["assets/images/logo_white.png"],"assets/images/neworder.png":["assets/images/neworder.png"],"assets/images/non_veg.png":["assets/images/non_veg.png"],"assets/images/order_cancelled.png":["assets/images/order_cancelled.png"],"assets/images/order_completed.png":["assets/images/order_completed.png"],"assets/images/order_image.png":["assets/images/order_image.png"],"assets/images/plus.png":["assets/images/plus.png"],"assets/images/prepared.png":["assets/images/prepared.png"],"assets/images/processing.png":["assets/images/processing.png"],"assets/images/splash.png":["assets/images/splash.png"],"assets/images/upload_image.png":["assets/images/upload_image.png"],"assets/images/waiting.png":["assets/images/waiting.png"],"assets/images/whatsapp.png":["assets/images/whatsapp.png"],"assets/lang/en.json":["assets/lang/en.json"],"assets/lang/es.json":["assets/lang/es.json"],"assets/sound/alert.mp3":["assets/sound/alert.mp3"],"packages/cupertino_icons/assets/CupertinoIcons.ttf":["packages/cupertino_icons/assets/CupertinoIcons.ttf"],"packages/fluttertoast/assets/toastify.css":["packages/fluttertoast/assets/toastify.css"],"packages/fluttertoast/assets/toastify.js":["packages/fluttertoast/assets/toastify.js"],"packages/font_awesome_flutter/lib/fonts/fa-brands-400.ttf":["packages/font_awesome_flutter/lib/fonts/fa-brands-400.ttf"],"packages/font_awesome_flutter/lib/fonts/fa-regular-400.ttf":["packages/font_awesome_flutter/lib/fonts/fa-regular-400.ttf"],"packages/font_awesome_flutter/lib/fonts/fa-solid-900.ttf":["packages/font_awesome_flutter/lib/fonts/fa-solid-900.ttf"]}