[{"family":"MaterialIcons","fonts":[{"asset":"fonts/MaterialIcons-Regular.otf"}]},{"family":"Roboto Bold","fonts":[{"weight":100,"asset":"assets/fonts/Roboto-Bold.ttf"}]},{"family":"Roboto Light","fonts":[{"weight":100,"asset":"assets/fonts/Roboto-Light.ttf"}]},{"family":"Roboto Medium","fonts":[{"weight":100,"asset":"assets/fonts/Roboto-Medium.ttf"}]},{"family":"Roboto Regular","fonts":[{"weight":100,"asset":"assets/fonts/Roboto-Regular.ttf"}]},{"family":"packages/cupertino_icons/CupertinoIcons","fonts":[{"asset":"packages/cupertino_icons/assets/CupertinoIcons.ttf"}]},{"family":"packages/font_awesome_flutter/FontAwesomeBrands","fonts":[{"weight":400,"asset":"packages/font_awesome_flutter/lib/fonts/fa-brands-400.ttf"}]},{"family":"packages/font_awesome_flutter/FontAwesomeRegular","fonts":[{"weight":400,"asset":"packages/font_awesome_flutter/lib/fonts/fa-regular-400.ttf"}]},{"family":"packages/font_awesome_flutter/FontAwesomeSolid","fonts":[{"weight":900,"asset":"packages/font_awesome_flutter/lib/fonts/fa-solid-900.ttf"}]}]